{"cameraMode":{"drawMode":0,"name":"Shaded","section":"Shading Mode"},"sceneLighting":false,"audioPlay":false,"sceneViewState":{"showFog":true,"showMaterialUpdate":false,"showSkybox":false,"showFlares":true,"showImageEffects":true,"showParticleSystems":true},"in2DMode":false,"pivot":{"x":-6.851423263549805,"y":-1.1941704750061036,"z":-14.573179244995118},"rotation":{"x":-0.14050829410552979,"y":-0.019011633470654489,"z":0.002701423829421401,"w":-0.9899003505706787},"size":0.714142918586731,"orthographic":false}