{"cameraMode":{"drawMode":0,"name":"Shaded","section":"Shading Mode"},"sceneLighting":false,"audioPlay":false,"sceneViewState":{"showFog":true,"showMaterialUpdate":false,"showSkybox":false,"showFlares":true,"showImageEffects":true,"showParticleSystems":true},"in2DMode":false,"pivot":{"x":-0.1599999964237213,"y":0.11500000208616257,"z":0.0},"rotation":{"x":-0.14050829410552979,"y":-0.019011633470654489,"z":0.002701423829421401,"w":-0.9899003505706787},"size":0.22096379101276399,"orthographic":false}