{"cameraMode":{"drawMode":0,"name":"Shaded","section":"Shading Mode"},"sceneLighting":false,"audioPlay":false,"sceneViewState":{"showFog":true,"showMaterialUpdate":false,"showSkybox":false,"showFlares":true,"showImageEffects":true,"showParticleSystems":true},"in2DMode":false,"pivot":{"x":-11.705387115478516,"y":-5.306087493896484,"z":-12.180585861206055},"rotation":{"x":-0.14050829410552979,"y":-0.019011633470654489,"z":0.002701423829421401,"w":-0.9899003505706787},"size":0.36062440276145937,"orthographic":false}