{"cameraMode":{"drawMode":0,"name":"Shaded","section":"Shading Mode"},"sceneLighting":false,"audioPlay":false,"sceneViewState":{"showFog":true,"showMaterialUpdate":false,"showSkybox":false,"showFlares":true,"showImageEffects":true,"showParticleSystems":true},"in2DMode":false,"pivot":{"x":-2.883121967315674,"y":-2.1124942302703859,"z":4.812530517578125},"rotation":{"x":-0.14050829410552979,"y":-0.019011633470654489,"z":0.002701423829421401,"w":-0.9899003505706787},"size":0.16248060762882234,"orthographic":false}