{"cameraMode":{"drawMode":0,"name":"Shaded","section":"Shading Mode"},"sceneLighting":false,"audioPlay":false,"sceneViewState":{"showFog":true,"showMaterialUpdate":false,"showSkybox":false,"showFlares":true,"showImageEffects":true,"showParticleSystems":true},"in2DMode":false,"pivot":{"x":-10.137604713439942,"y":1.5885380506515504,"z":0.07071545720100403},"rotation":{"x":-0.2084229439496994,"y":-0.018779955804347993,"z":0.004006265662610531,"w":-0.9778574705123901},"size":0.2499997466802597,"orthographic":false}