{"cameraMode":{"drawMode":0,"name":"Shaded","section":"Shading Mode"},"sceneLighting":false,"audioPlay":false,"sceneViewState":{"showFog":true,"showMaterialUpdate":false,"showSkybox":false,"showFlares":true,"showImageEffects":true,"showParticleSystems":true},"in2DMode":false,"pivot":{"x":-2.883121967315674,"y":-2.1124942302703859,"z":4.812530517578125},"rotation":{"x":0.17597447335720063,"y":0.5575528740882874,"z":-0.12234356999397278,"w":0.8020017743110657},"size":0.16248060762882234,"orthographic":false}