{"cameraMode":{"drawMode":0,"name":"Shaded","section":"Shading Mode"},"sceneLighting":false,"audioPlay":false,"sceneViewState":{"showFog":true,"showMaterialUpdate":false,"showSkybox":false,"showFlares":true,"showImageEffects":true,"showParticleSystems":true},"in2DMode":false,"pivot":{"x":1.1677935123443604,"y":0.3657662868499756,"z":1.2659416198730469},"rotation":{"x":0.2450008988380432,"y":0.20690718293190003,"z":-0.0536121129989624,"w":0.9456915259361267},"size":3.8275201320648195,"orthographic":false}