{"cameraMode":{"drawMode":0,"name":"Shaded","section":"Shading Mode"},"sceneLighting":false,"audioPlay":false,"sceneViewState":{"showFog":true,"showMaterialUpdate":false,"showSkybox":false,"showFlares":true,"showImageEffects":true,"showParticleSystems":true},"in2DMode":false,"pivot":{"x":2.4486937522888185,"y":0.7036389112472534,"z":0.692775547504425},"rotation":{"x":0.451002836227417,"y":0.019535956904292108,"z":-0.009888674132525921,"w":0.89227694272995},"size":1.6087119579315186,"orthographic":false}